{
    "players":[
        {
            "name":"player1",
            "batting":1,
            "bowling":100,
            "allRounder":50,
            "price":20000
        },{
            "name":"player2",
            "batting":2,
            "bowling":20,
            "allRounder":18,
            "price":30000
        },{
            "name":"player3",
            "batting":3,
            "bowling":10,
            "allRounder":8,
            "price":35000
        },{
            "name":"player4",
            "batting":4,
            "bowling":21,
            "allRounder":53,
            "price":8000
        },{
            "name":"player5",
            "batting":5,
            "bowling":77,
            "allRounder":33,
            "price":15000
        },{
            "name":"player6",
            "batting":6,
            "bowling":29,
            "allRounder":23,
            "price":8000
        },{
            "name":"player7",
            "batting":7,
            "bowling":23,
            "allRounder":32,
            "price":9000
        },{
            "name":"player8",
            "batting":8,
            "bowling":19,
            "allRounder":13,
            "price":12000
        },{
            "name":"player9",
            "batting":9,
            "bowling":32,
            "allRounder":28,
            "price":9000
        },{
            "name":"player10",
            "batting":10,
            "bowling":11,
            "allRounder":19,
            "price":9000
        },{
            "name":"player11",
            "batting":12,
            "bowling":43,
            "allRounder":39,
            "price":6000
        },{
            "name":"player12",
            "batting":13,
            "bowling":21,
            "allRounder":18,
            "price":9000
        },{
            "name":"player13",
            "batting":14,
            "bowling":66,
            "allRounder":43,
            "price":8000
        },{
            "name":"player14",
            "batting":15,
            "bowling":24,
            "allRounder":21,
            "price":10000
        },{
            "name":"player15",
            "batting":16,
            "bowling":29,
            "allRounder":25,
            "price":9000
        },{
            "name":"player16",
            "batting":17,
            "bowling":28,
            "allRounder":24,
            "price":8000
        },{
            "name":"player17",
            "batting":18,
            "bowling":31,
            "allRounder":27,
            "price":5000
        },{
            "name":"player18",
            "batting":19,
            "bowling":33,
            "allRounder":30,
            "price":8000
        },{
            "name":"player19",
            "batting":20,
            "bowling":20,
            "allRounder":20,
            "price":9000
        },{
            "name":"player20",
            "batting":21,
            "bowling":28,
            "allRounder":28,
            "price":5000
        },{
            "name":"player21",
            "batting":22,
            "bowling":41,
            "allRounder":30,
            "price":5000
        },{
            "name":"player22",
            "batting":23,
            "bowling":29,
            "allRounder":26,
            "price":6000
        },{
            "name":"player23",
            "batting":24,
            "bowling":19,
            "allRounder":21,
            "price":8000
        },{
            "name":"player24",
            "batting":25,
            "bowling":56,
            "allRounder":47,
            "price":8000
        },{
            "name":"player25",
            "batting":26,
            "bowling":51,
            "allRounder":48,
            "price":5000
        },{
            "name":"player26",
            "batting":33,
            "bowling":2,
            "allRounder":50,
            "price":12000
        },{
            "name":"player27",
            "batting":22,
            "bowling":3,
            "allRounder":18,
            "price":10000
        },{
            "name":"player28",
            "batting":4,
            "bowling":15,
            "allRounder":10,
            "price":15000
        },{
            "name":"player29",
            "batting":1,
            "bowling":41,
            "allRounder":50,
            "price":20000
        },{
            "name":"player30",
            "batting":5,
            "bowling":71,
            "allRounder":20,
            "price":18000
        },{
            "name":"player31",
            "batting":8,
            "bowling":27,
            "allRounder":25,
            "price":17000
        }
    ]

}